Rand,X,Y,,X+rand,y+rand,Sample,,,,,,,,,,,,,,
71,0.325568154,0.945518576,0.0975,0.423068154,0.876850289,64.24333266,,,y range,,5500,8000,10000,1.25,,,,,,
355,0.996194698,-0.087155743,0.0718,0.996194698,-0.075269878,355.6790901,,,x shift,,500,1000,,,,,,,,
42,0.743144825,0.669130606,0.0962,0.839344825,0.525434809,32.04680881,,,other,,2,6,,,,,,,,
294,0.406736643,-0.913545458,0.0616,0.468336643,-0.8056329,300.170619,,,,,,,,,,,,,50,0.766044443
237,-0.544639035,-0.838670568,0.0573,-0.487339035,-0.760150036,237.335702,,,,,,,,,,,,,120,0.866025404
116,-0.438371147,0.898794046,0.0921,-0.346271147,0.67184855,117.2666057,,,,,,,,,,,,,210,-0.5
268,-0.034899497,-0.999390827,0.0607,0.025800503,-0.773403576,271.9106609,,,,,,,,,,,,,290,-0.939692621
309,0.629320391,-0.777145961,0.0769,0.706220391,-0.716431433,314.5887683,,,,,,,,,,,,,,
65,0.422618262,0.906307787,0.093,0.515618262,0.628864316,50.6509974,,,,,,,,,,,,,,
292,0.374606593,-0.927183855,0.0589,0.433506593,-0.921852547,295.1855322,,,,,,,,,,,,,,
57,0.544639035,0.838670568,0.0823,0.626939035,0.764972392,50.66340275,,,,,,,,,,,,,,
248,-0.374606593,-0.927183855,0.0721,-0.302506593,-0.748932759,248.0053854,,,,,,,,,,,,,,
213,-0.838670568,-0.544639035,0.0931,-0.745570568,-0.536741769,215.7503929,,,,,,,,,,,,,,
209,-0.874619707,-0.48480962,0.0749,-0.799719707,-0.46414461,210.1301984,,,,,,,,,,,,,,
37,0.79863551,0.601815023,0.0993,0.89793551,0.596850049,33.61164622,,,,,,,,,,,,,,
232,-0.615661475,-0.788010754,0.0866,-0.529061475,-0.642721271,230.5402059,,,,,,,,,,,,,,
92,-0.034899497,0.999390827,0.094,0.059100503,0.989396919,86.58156352,,,,,,,,,,,,,,
249,-0.35836795,-0.933580426,0.0844,-0.27396795,-0.700885505,248.6500527,,,,,,,,,,,,,,
287,0.292371705,-0.956304756,0.0652,0.357571705,-0.743646486,295.6799044,,,,,,,,,,,,,,
205,-0.906307787,-0.422618262,0.0683,-0.838007787,-0.345596084,202.4113486,,,,,,,,,,,,,,
109,-0.325568154,0.945518576,0.071,-0.254568154,0.732895086,109.1544646,,,,,,,,,,,,,,
50,0.64278761,0.766044443,0.0626,0.70538761,0.631412132,41.8326115,,,,,,,,,,,,,,
312,0.669130606,-0.743144825,0.052,0.721130606,-0.597395547,320.3611334,,,,,,,,,,,,,,
138,-0.743144825,0.669130606,0.0764,-0.666744825,0.487545288,143.8245263,,,,,,,,,,,,,,
111,-0.35836795,0.933580426,0.0946,-0.26376795,0.838471921,107.462623,,,,,,,,,,,,,,
192,-0.978147601,-0.207911691,0.0765,-0.901647601,-0.170461598,190.7057375,,,,,,,,,,,,,,
26,0.898794046,0.438371147,0.0776,0.976394046,0.343408997,19.37735876,,,,,,,,,,,,,,
125,-0.573576436,0.819152044,0.0602,-0.513376436,0.601155207,130.4967696,,,,,,,,,,,,,,
84,0.104528463,0.994521895,0.0696,0.174128463,0.900912522,79.06075471,,,,,,,,,,,,,,
5,0.996194698,0.087155743,0.071,0.996194698,0.065072656,3.737320904,,,,,,,,,,,,,,
222,-0.743144825,-0.669130606,0.0839,-0.659244825,-0.600126513,222.3123534,,,,,,,,,,,,,,
147,-0.838670568,0.544639035,0.0925,-0.746170568,0.470908526,147.7439613,,,,,,,,,,,,,,
118,-0.469471563,0.882947593,0.0508,-0.418671563,0.627113528,123.7277416,,,,,,,,,,,,,,
47,0.68199836,0.731353702,0.0558,0.73779836,0.54458425,36.43180289,,,,,,,,,,,,,,
86,0.069756474,0.99756405,0.0861,0.155856474,0.802540278,79.00973833,,,,,,,,,,,,,,
353,0.992546152,-0.121869343,0.0682,0.992546152,-0.094585844,354.5563706,,,,,,,,,,,,,,
54,0.587785252,0.809016994,0.0821,0.669885252,0.617886729,42.68772862,,,,,,,,,,,,,,
148,-0.848048096,0.529919264,0.0807,-0.767348096,0.412873347,151.7174282,,,,,,,,,,,,,,
215,-0.819152044,-0.573576436,0.0908,-0.728352044,-0.498796408,214.4044639,,,,,,,,,,,,,,
282,0.207911691,-0.978147601,0.0925,0.300411691,-0.820543569,290.1083366,,,,,,,,,,,,,,
207,-0.891006524,-0.4539905,0.0943,-0.796706524,-0.371023736,204.9712482,,,,,,,,,,,,,,
308,0.615661475,-0.788010754,0.0991,0.714761475,-0.561851667,321.830218,,,,,,,,,,,,,,
27,0.891006524,0.4539905,0.061,0.952006524,0.372045215,21.34561372,,,,,,,,,,,,,,
268,-0.034899497,-0.999390827,0.0589,0.024000503,-0.801261596,271.71569,,,,,,,,,,,,,,
263,-0.121869343,-0.992546152,0.0975,-0.024369343,-0.820711599,268.2992194,,,,,,,,,,,,,,
107,-0.292371705,0.956304756,0.0839,-0.208471705,0.886494509,103.2334624,,,,,,,,,,,,,,
202,-0.927183855,-0.374606593,0.066,-0.861183855,-0.323425968,200.5841559,,,,,,,,,,,,,,
62,0.469471563,0.882947593,0.091,0.560471563,0.644110269,48.97188956,,,,,,,,,,,,,,
343,0.956304756,-0.292371705,0.0975,0.956304756,-0.272965533,344.0692507,,,,,,,,,,,,,,
217,-0.79863551,-0.601815023,0.0751,-0.72353551,-0.586694421,219.0376154,,,,,,,,,,,,,,
30,0.866025404,0.5,0.0809,0.946925404,0.4864375,27.18965763,,,,,,,,,,,,,,
319,0.75470958,-0.656059029,0.0553,0.81000958,-0.522551017,327.1732468,,,,,,,,,,,,,,
185,-0.996194698,-0.087155743,0.0585,-0.937694698,-0.070661518,184.3094723,,,,,,,,,,,,,,
84,0.104528463,0.994521895,0.0954,0.199928463,0.869212137,77.04662998,,,,,,,,,,,,,,
136,-0.7193398,0.69465837,0.0786,-0.6407398,0.509445082,141.5121808,,,,,,,,,,,,,,
4,0.99756405,0.069756474,0.0546,0.99756405,0.069015311,3.957635776,,,,,,,,,,,,,,
90,6.12574E-17,1,0.0979,0.0979,0.716,82.21412342,,,,,,,,,,,,,,
163,-0.956304756,0.292371705,0.0741,-0.882204756,0.221800484,165.8874179,,,,,,,,,,,,,,
327,0.838670568,-0.544639035,0.0692,0.907870568,-0.512369172,330.5611956,,,,,,,,,,,,,,
140,-0.766044443,0.64278761,0.0542,-0.711844443,0.453004568,147.528083,,,,,,,,,,,,,,
135,-0.707106781,0.707106781,0.0842,-0.622906781,0.584512143,136.8213311,,,,,,,,,,,,,,
297,0.4539905,-0.891006524,0.0591,0.5130905,-0.626711714,309.3072754,,,,,,,,,,,,,,
47,0.68199836,0.731353702,0.0558,0.73779836,0.680341781,42.67990491,,,,,,,,,,,,,,
307,0.601815023,-0.79863551,0.0941,0.695915023,-0.787354783,311.4723272,,,,,,,,,,,,,,
189,-0.987688341,-0.156434465,0.0537,-0.933988341,-0.141006116,188.5852255,,,,,,,,,,,,,,
312,0.669130606,-0.743144825,0.0864,0.755530606,-0.71425507,316.6085969,,,,,,,,,,,,,,
114,-0.406736643,0.913545458,0.0773,-0.329436643,0.7302654,114.2810432,,,,,,,,,,,,,,
212,-0.848048096,-0.529919264,0.0545,-0.793548096,-0.405918156,207.0907916,,,,,,,,,,,,,,
77,0.224951054,0.974370065,0.0519,0.276851054,0.797887287,70.86424067,,,,,,,,,,,,,,
260,-0.173648178,-0.984807753,0.0945,-0.079148178,-0.81923695,264.4816628,,,,,,,,,,,,,,
30,0.866025404,0.5,0.0828,0.948825404,0.3776875,21.70542204,,,,,,,,,,,,,,
32,0.848048096,0.529919264,0.0624,0.910448096,0.415920383,24.55236241,,,,,,,,,,,,,,
260,-0.173648178,-0.984807753,0.0528,-0.120848178,-0.804957237,261.4619536,,,,,,,,,,,,,,
315,0.707106781,-0.707106781,0.0599,0.767006781,-0.571872609,323.2921554,,,,,,,,,,,,,,
199,-0.945518576,-0.325568154,0.0917,-0.853818576,-0.251501399,196.4129016,,,,,,,,,,,,,,
345,0.965925826,-0.258819045,0.0622,0.965925826,-0.221613807,347.0781757,,,,,,,,,,,,,,
118,-0.469471563,0.882947593,0.0837,-0.385771563,0.747635874,117.2932167,,,,,,,,,,,,,,
273,0.052335956,-0.998629535,0.0834,0.135735956,-0.727376787,280.5703992,,,,,,,,,,,,,,
61,0.48480962,0.874619707,0.0603,0.54510962,0.731728712,53.31531287,,,,,,,,,,,,,,
315,0.707106781,-0.707106781,0.0882,0.795306781,-0.56648092,324.5384987,,,,,,,,,,,,,,
138,-0.743144825,0.669130606,0.0659,-0.677244825,0.532878887,141.8031475,,,,,,,,,,,,,,
287,0.292371705,-0.956304756,0.0701,0.362471705,-0.813695809,294.0112226,,,,,,,,,,,,,,
127,-0.601815023,0.79863551,0.085,-0.516815023,0.561939911,132.6046838,,,,,,,,,,,,,,
343,0.956304756,-0.292371705,0.0653,0.956304756,-0.270078362,344.2293271,,,,,,,,,,,,,,
127,-0.601815023,0.79863551,0.0615,-0.540315023,0.717274517,126.9903137,,,,,,,,,,,,,,
6,0.994521895,0.104528463,0.0886,0.994521895,0.101732327,5.840624645,,,,,,,,,,,,,,
244,-0.438371147,-0.898794046,0.0635,-0.374871147,-0.747010202,243.3511894,,,,,,,,,,,,,,
185,-0.996194698,-0.087155743,0.0712,-0.924994698,-0.063285964,183.9139432,,,,,,,,,,,,,,
234,-0.587785252,-0.809016994,0.0693,-0.518485252,-0.600695118,229.2011405,,,,,,,,,,,,,,
231,-0.629320391,-0.777145961,0.0803,-0.549020391,-0.542642168,224.6652435,,,,,,,,,,,,,,
316,0.7193398,-0.69465837,0.0628,0.7821398,-0.659143961,319.8776723,,,,,,,,,,,,,,
150,-0.866025404,0.5,0.0605,-0.805525404,0.4564375,150.4626658,,,,,,,,,,,,,,
217,-0.79863551,-0.601815023,0.0954,-0.70323551,-0.493864453,215.0793941,,,,,,,,,,,,,,
124,-0.559192903,0.829037573,0.0937,-0.465492903,0.677738216,124.4825604,,,,,,,,,,,,,,
0,1,0,0.0906,1,0,0,,,,,,,,,,,,,,
240,-0.5,-0.866025404,0.0853,-0.4147,-0.771736888,241.7482249,,,,,,,,,,,,,,
317,0.731353702,-0.68199836,0.0664,0.797753702,-0.505531284,327.6378332,,,,,,,,,,,,,,
198,-0.951056516,-0.309016994,0.0996,-0.851456516,-0.22983139,195.1056946,,,,,,,,,,,,,,
322,0.788010754,-0.615661475,0.0854,0.873410754,-0.457282561,332.3652636,,,,,,,,,,,,,,
152,-0.882947593,0.469471563,0.0956,-0.787347593,0.328806146,157.3339781,,,,,,,,,,,,,,
265,-0.087155743,-0.996194698,0.0741,-0.013055743,-0.934181578,269.1993096,,,,,,,,,,,,,,
82,0.139173101,0.990268069,0.0559,0.195073101,0.795680393,76.22477321,,,,,,,,,,,,,,
278,0.139173101,-0.990268069,0.059,0.198173101,-0.729332433,285.201307,,,,,,,,,,,,,,
349,0.981627183,-0.190808995,0.0705,0.981627183,-0.190141164,349.0375657,,,,,,,,,,,,,,
87,0.052335956,0.998629535,0.0997,0.152035956,0.802398831,79.27096882,,,,,,,,,,,,,,
0,1,0,0.079,1,0,0,,,,,,,,,,,,,,
243,-0.4539905,-0.891006524,0.0786,-0.3753905,-0.731293605,242.8274857,,,,,,,,,,,,,,
217,-0.79863551,-0.601815023,0.0722,-0.72643551,-0.548704847,217.0651626,,,,,,,,,,,,,,
96,-0.104528463,0.994521895,0.0779,-0.026628463,0.84484635,91.80529115,,,,,,,,,,,,,,
86,0.069756474,0.99756405,0.0844,0.154156474,0.862643512,79.8680558,,,,,,,,,,,,,,
205,-0.906307787,-0.422618262,0.0751,-0.831207787,-0.359384004,203.3818992,,,,,,,,,,,,,,
12,0.978147601,0.207911691,0.0583,0.978147601,0.158532664,9.2061257,,,,,,,,,,,,,,
198,-0.951056516,-0.309016994,0.0661,-0.884956516,-0.237286425,195.0098484,,,,,,,,,,,,,,
193,-0.974370065,-0.224951054,0.0573,-0.917070065,-0.213675383,193.1157934,,,,,,,,,,,,,,
151,-0.874619707,0.48480962,0.0954,-0.779219707,0.378515111,154.0912927,,,,,,,,,,,,,,
251,-0.325568154,-0.945518576,0.091,-0.234568154,-0.821655642,254.0668927,,,,,,,,,,,,,,
16,0.961261696,0.275637356,0.0882,0.961261696,0.216513143,12.69338944,,,,,,,,,,,,,,
185,-0.996194698,-0.087155743,0.0675,-0.928694698,-0.066074947,184.0696334,,,,,,,,,,,,,,
343,0.956304756,-0.292371705,0.0695,0.956304756,-0.20944778,347.6462695,,,,,,,,,,,,,,
170,-0.984807753,0.173648178,0.0711,-0.913707753,0.13271062,171.7359178,,,,,,,,,,,,,,
5,0.996194698,0.087155743,0.0702,0.996194698,0.079333515,4.553229279,,,,,,,,,,,,,,
338,0.927183855,-0.374606593,0.0833,0.927183855,-0.301745611,341.9728777,,,,,,,,,,,,,,
35,0.819152044,0.573576436,0.0693,0.888452044,0.487539971,28.75587312,,,,,,,,,,,,,,
221,-0.75470958,-0.656059029,0.072,-0.68270958,-0.534360079,218.0504579,,,,,,,,,,,,,,
32,0.848048096,0.529919264,0.0544,0.902448096,0.48951292,28.47663419,,,,,,,,,,,,,,
192,-0.978147601,-0.207911691,0.0622,-0.915947601,-0.184859482,191.4103415,,,,,,,,,,,,,,
13,0.974370065,0.224951054,0.0543,0.974370065,0.193148599,11.21234229,,,,,,,,,,,,,,
241,-0.48480962,-0.874619707,0.0695,-0.41530962,-0.859751172,244.2167662,,,,,,,,,,,,,,
192,-0.978147601,-0.207911691,0.0754,-0.902747601,-0.151541634,189.5292307,,,,,,,,,,,,,,
233,-0.601815023,-0.79863551,0.0658,-0.536015023,-0.689322275,232.1314659,,,,,,,,,,,,,,
330,0.866025404,-0.5,0.0758,0.941825404,-0.459625,333.9869262,,,,,,,,,,,,,,
266,-0.069756474,-0.99756405,0.0926,0.022843526,-0.721612895,271.8131615,,,,,,,,,,,,,,
68,0.374606593,0.927183855,0.0782,0.452806593,0.746498901,58.76010181,,,,,,,,,,,,,,
30,0.866025404,0.5,0.0501,0.916125404,0.36075,21.49342738,,,,,,,,,,,,,,
79,0.190808995,0.981627183,0.085,0.275808995,0.793522874,70.83380837,,,,,,,,,,,,,,
322,0.788010754,-0.615661475,0.0571,0.845110754,-0.539858156,327.429492,,,,,,,,,,,,,,
246,-0.406736643,-0.913545458,0.0708,-0.335936643,-0.682646843,243.7977869,,,,,,,,,,,,,,
214,-0.829037573,-0.559192903,0.0749,-0.754137573,-0.438337337,210.1670045,,,,,,,,,,,,,,
73,0.292371705,0.956304756,0.0784,0.370771705,0.856849061,66.60112613,,,,,,,,,,,,,,
311,0.656059029,-0.75470958,0.0751,0.731159029,-0.633578693,319.0897549,,,,,,,,,,,,,,
116,-0.438371147,0.898794046,0.0597,-0.378671147,0.808240546,115.1036977,,,,,,,,,,,,,,
139,-0.75470958,0.656059029,0.0986,-0.65610958,0.529439636,141.0986278,,,,,,,,,,,,,,
244,-0.438371147,-0.898794046,0.0919,-0.346471147,-0.873852512,248.3723185,,,,,,,,,,,,,,
134,-0.69465837,0.7193398,0.076,-0.61865837,0.635177044,134.2451996,,,,,,,,,,,,,,
56,0.559192903,0.829037573,0.0731,0.632292903,0.788103842,51.26005227,,,,,,,,,,,,,,
106,-0.275637356,0.961261696,0.0687,-0.206937356,0.934346368,102.4881783,,,,,,,,,,,,,,
14,0.970295726,0.241921896,0.0681,0.970295726,0.169436048,9.905291075,,,,,,,,,,,,,,
337,0.920504853,-0.390731128,0.0918,0.920504853,-0.371341096,338.0303465,,,,,,,,,,,,,,
213,-0.838670568,-0.544639035,0.0781,-0.760570568,-0.466551413,211.5259067,,,,,,,,,,,,,,
338,0.927183855,-0.374606593,0.0589,0.986083855,-0.312328247,342.4251313,,,,,,,,,,,,,,
129,-0.629320391,0.777145961,0.0858,-0.543520391,0.670288392,129.0377468,,,,,,,,,,,,,,
338,0.927183855,-0.374606593,0.0685,0.995683855,-0.262599222,345.2253807,,,,,,,,,,,,,,
156,-0.913545458,0.406736643,0.0778,-0.835745458,0.28741028,161.0220647,,,,,,,,,,,,,,
23,0.920504853,0.390731128,0.0859,0.920504853,0.27527008,16.64890048,,,,,,,,,,,,,,
190,-0.984807753,-0.173648178,0.0667,-0.918107753,-0.139830195,188.6597478,,,,,,,,,,,,,,
294,0.406736643,-0.913545458,0.0876,0.494336643,-0.803691616,301.594945,,,,,,,,,,,,,,
221,-0.75470958,-0.656059029,0.062,-0.69270958,-0.51148002,216.4412643,,,,,,,,,,,,,,
267,-0.052335956,-0.998629535,0.0952,0.042864044,-0.692175096,273.5436071,,,,,,,,,,,,,,
337,0.920504853,-0.390731128,0.0778,0.998304853,-0.33495426,341.4522116,,,,,,,,,,,,,,
174,-0.994521895,0.104528463,0.0653,-0.929221895,0.087111408,174.6443672,,,,,,,,,,,,,,
299,0.48480962,-0.874619707,0.0924,0.57720962,-0.732603332,308.2341627,,,,,,,,,,,,,,
29,0.874619707,0.48480962,0.0656,0.940219707,0.442934189,25.2249594,,,,,,,,,,,,,,
125,-0.573576436,0.819152044,0.0575,-0.516076436,0.642010415,128.7938641,,,,,,,,,,,,,,
25,0.906307787,0.422618262,0.0586,0.964907787,0.389548383,21.98470122,,,,,,,,,,,,,,
197,-0.956304756,-0.292371705,0.0768,-0.879504756,-0.242595422,195.4205522,,,,,,,,,,,,,,
259,-0.190808995,-0.981627183,0.0663,-0.124508995,-0.887390974,262.0130228,,,,,,,,,,,,,,
191,-0.981627183,-0.190808995,0.0506,-0.931027183,-0.16311784,189.9374759,,,,,,,,,,,,,,
29,0.874619707,0.48480962,0.0814,0.956019707,0.390695953,22.22832979,,,,,,,,,,,,,,
198,-0.951056516,-0.309016994,0.0815,-0.869556516,-0.235316441,195.1424989,,,,,,,,,,,,,,
192,-0.978147601,-0.207911691,0.0547,-0.923447601,-0.175529445,190.7624224,,,,,,,,,,,,,,
212,-0.848048096,-0.529919264,0.0987,-0.749348096,-0.439766749,210.4072139,,,,,,,,,,,,,,
233,-0.601815023,-0.79863551,0.0505,-0.551315023,-0.763595377,234.1707571,,,,,,,,,,,,,,
176,-0.99756405,0.069756474,0.0745,-0.92306405,0.051314606,176.8181111,,,,,,,,,,,,,,
38,0.788010754,0.615661475,0.0845,0.872510754,0.549862655,32.21943004,,,,,,,,,,,,,,
260,-0.173648178,-0.984807753,0.0884,-0.085248178,-0.874386184,264.4315534,,,,,,,,,,,,,,
137,-0.731353702,0.68199836,0.0793,-0.652053702,0.512180768,141.8507683,,,,,,,,,,,,,,
287,0.292371705,-0.956304756,0.0866,0.378971705,-0.865455804,293.6479784,,,,,,,,,,,,,,
223,-0.731353702,-0.68199836,0.061,-0.670353702,-0.600840555,221.8699928,,,,,,,,,,,,,,
239,-0.515038075,-0.857167301,0.0997,-0.415338075,-0.853202902,244.0432406,,,,,,,,,,,,,,
20,0.939692621,0.342020143,0.0576,0.997292621,0.276523286,15.49730932,,,,,,,,,,,,,,
92,-0.034899497,0.999390827,0.0929,0.058000503,0.821874031,85.96326984,,,,,,,,,,,,,,
279,0.156434465,-0.987688341,0.0751,0.231534465,-0.81829979,285.7986363,,,,,,,,,,,,,,
327,0.838670568,-0.544639035,0.0922,0.930870568,-0.377502931,337.9256002,,,,,,,,,,,,,,
126,-0.587785252,0.809016994,0.0676,-0.520185252,0.692619674,126.9080238,,,,,,,,,,,,,,
249,-0.35836795,-0.933580426,0.099,-0.25936795,-0.864845568,253.305966,,,,,,,,,,,,,,
258,-0.207911691,-0.978147601,0.0574,-0.150511691,-0.686415079,257.6323666,,,,,,,,,,,,,,
181,-0.999847695,-0.017452406,0.0866,-0.913247695,-0.012696626,180.7965158,,,,,,,,,,,,,,
104,-0.241921896,0.970295726,0.0604,-0.181521896,0.801585557,102.7596281,,,,,,,,,,,,,,
237,-0.544639035,-0.838670568,0.0855,-0.459139035,-0.627220751,233.7950726,,,,,,,,,,,,,,
64,0.438371147,0.898794046,0.0973,0.535671147,0.647468761,50.39798239,,,,,,,,,,,,,,
142,-0.788010754,0.615661475,0.0634,-0.724610754,0.459591291,147.6146964,,,,,,,,,,,,,,
310,0.64278761,-0.766044443,0.0727,0.71548761,-0.714240688,315.0499699,,,,,,,,,,,,,,
29,0.874619707,0.48480962,0.0573,0.931919707,0.451600161,25.85442363,,,,,,,,,,,,,,
19,0.945518576,0.325568154,0.0927,0.945518576,0.273640034,16.14083238,,,,,,,,,,,,,,
115,-0.422618262,0.906307787,0.0643,-0.358318262,0.840487184,113.0896231,,,,,,,,,,,,,,
140,-0.766044443,0.64278761,0.099,-0.667044443,0.591284252,138.4454477,,,,,,,,,,,,,,
305,0.573576436,-0.819152044,0.0544,0.627976436,-0.567569973,317.8924805,,,,,,,,,,,,,,
111,-0.35836795,0.933580426,0.0959,-0.26246795,0.663075498,111.5953527,,,,,,,,,,,,,,
239,-0.515038075,-0.857167301,0.0529,-0.462138075,-0.810880266,240.3202559,,,,,,,,,,,,,,
273,0.052335956,-0.998629535,0.0694,0.121735956,-0.830859773,278.3355558,,,,,,,,,,,,,,
2,0.999390827,0.034899497,0.0725,0.999390827,0.032316934,1.852107192,,,,,,,,,,,,,,
170,-0.984807753,0.173648178,0.0901,-0.894707753,0.135033164,171.4174469,,,,,,,,,,,,,,
77,0.224951054,0.974370065,0.0653,0.290251054,0.778278089,69.54750101,,,,,,,,,,,,,,
331,0.874619707,-0.48480962,0.0965,0.971119707,-0.430692746,336.0826567,,,,,,,,,,,,,,
157,-0.920504853,0.390731128,0.0992,-0.821304853,0.367726833,155.8802726,,,,,,,,,,,,,,
172,-0.990268069,0.139173101,0.0848,-0.905468069,0.135084891,171.5147451,,,,,,,,,,,,,,
314,0.69465837,-0.7193398,0.0775,0.77215837,-0.644708296,320.1400398,,,,,,,,,,,,,,
71,0.325568154,0.945518576,0.0719,0.397468154,0.917153018,66.56945693,,,,,,,,,,,,,,
243,-0.4539905,-0.891006524,0.0569,-0.3970905,-0.755128029,242.2619801,,,,,,,,,,,,,,
353,0.992546152,-0.121869343,0.0853,0.992546152,-0.103436605,354.0504883,,,,,,,,,,,,,,
170,-0.984807753,0.173648178,0.0685,-0.916307753,0.146906358,170.8916093,,,,,,,,,,,,,,
211,-0.857167301,-0.515038075,0.0872,-0.769967301,-0.387437392,206.7109376,,,,,,,,,,,,,,
116,-0.438371147,0.898794046,0.0804,-0.357971147,0.725439145,116.2642387,,,,,,,,,,,,,,
274,0.069756474,-0.99756405,0.0935,0.163256474,-0.722485763,282.7329972,,,,,,,,,,,,,,
350,0.984807753,-0.173648178,0.0774,0.984807753,-0.135857993,352.1454055,,,,,,,,,,,,,,
32,0.848048096,0.529919264,0.0899,0.937948096,0.424399091,24.34561491,,,,,,,,,,,,,,
301,0.515038075,-0.857167301,0.0538,0.568838075,-0.631089425,312.0301998,,,,,,,,,,,,,,
72,0.309016994,0.951056516,0.0931,0.402116994,0.918126184,66.34774754,,,,,,,,,,,,,,
141,-0.777145961,0.629320391,0.0618,-0.715345961,0.501883012,144.9466998,,,,,,,,,,,,,,
293,0.390731128,-0.920504853,0.064,0.454731128,-0.65482414,304.7773675,,,,,,,,,,,,,,
168,-0.978147601,0.207911691,0.0647,-0.913447601,0.167186988,169.6280381,,,,,,,,,,,,,,
32,0.848048096,0.529919264,0.0886,0.936648096,0.428108526,24.56345427,,,,,,,,,,,,,,
72,0.309016994,0.951056516,0.0773,0.386316994,0.935364084,67.55876626,,,,,,,,,,,,,,
331,0.874619707,-0.48480962,0.0772,0.951819707,-0.410573147,336.6667579,,,,,,,,,,,,,,
262,-0.139173101,-0.990268069,0.0962,-0.042973101,-0.888641808,267.2314371,,,,,,,,,,,,,,
271,0.017452406,-0.999847695,0.0554,0.072852406,-0.704892625,275.9007109,,,,,,,,,,,,,,
75,0.258819045,0.965925826,0.0587,0.317519045,0.784090289,67.95440807,,,,,,,,,,,,,,
88,0.034899497,0.999390827,0.0731,0.107999497,0.772404185,82.04036344,,,,,,,,,,,,,,
107,-0.292371705,0.956304756,0.0905,-0.201871705,0.842982642,103.4671874,,,,,,,,,,,,,,
11,0.981627183,0.190808995,0.0656,0.981627183,0.17585434,10.15655793,,,,,,,,,,,,,,
126,-0.587785252,0.809016994,0.0767,-0.511085252,0.683821614,126.7742759,,,,,,,,,,,,,,
141,-0.777145961,0.629320391,0.0884,-0.688745961,0.57134425,140.322841,,,,,,,,,,,,,,
232,-0.615661475,-0.788010754,0.0733,-0.542361475,-0.743291143,233.8826797,,,,,,,,,,,,,,
207,-0.891006524,-0.4539905,0.057,-0.834006524,-0.368186295,203.8198724,,,,,,,,,,,,,,
345,0.965925826,-0.258819045,0.0692,0.965925826,-0.22219615,347.0453645,,,,,,,,,,,,,,
269,-0.017452406,-0.999847695,0.0752,0.057747594,-0.940356757,273.5141381,,,,,,,,,,,,,,
217,-0.79863551,-0.601815023,0.0931,-0.70553551,-0.52357907,216.5791712,,,,,,,,,,,,,,
342,0.951056516,-0.309016994,0.0875,0.951056516,-0.298858061,342.5553017,,,,,,,,,,,,,,
126,-0.587785252,0.809016994,0.0874,-0.500385252,0.663393935,127.0265462,,,,,,,,,,,,,,
311,0.656059029,-0.75470958,0.063,0.719059029,-0.609711002,319.7044219,,,,,,,,,,,,,,
148,-0.848048096,0.529919264,0.0872,-0.760848096,0.516605043,145.8240528,,,,,,,,,,,,,,
129,-0.629320391,0.777145961,0.0829,-0.546420391,0.666499805,129.3461262,,,,,,,,,,,,,,
254,-0.275637356,-0.961261696,0.0769,-0.198737356,-0.839782249,256.6857049,,,,,,,,,,,,,,
320,0.766044443,-0.64278761,0.0532,0.819244443,-0.534558246,326.8754907,,,,,,,,,,,,,,
143,-0.79863551,0.601815023,0.0993,-0.69933551,0.459937131,146.667986,,,,,,,,,,,,,,
37,0.79863551,0.601815023,0.0905,0.88913551,0.434510447,26.04423567,,,,,,,,,,,,,,
167,-0.974370065,0.224951054,0.0557,-0.918670065,0.195116921,168.0090961,,,,,,,,,,,,,,
167,-0.974370065,0.224951054,0.0626,-0.911770065,0.188115319,168.3423775,,,,,,,,,,,,,,
195,-0.965925826,-0.258819045,0.08,-0.885925826,-0.219155026,193.8945487,,,,,,,,,,,,,,
300,0.5,-0.866025404,0.0654,0.5654,-0.863210821,303.2246554,,,,,,,,,,,,,,
130,-0.64278761,0.766044443,0.0562,-0.58658761,0.549349621,136.8775824,,,,,,,,,,,,,,
330,0.866025404,-0.5,0.095,0.961025404,-0.40925,336.9334047,,,,,,,,,,,,,,
258,-0.207911691,-0.978147601,0.0643,-0.143611691,-0.937799012,261.2935362,,,,,,,,,,,,,,
258,-0.207911691,-0.978147601,0.0628,-0.145111691,-0.93327508,261.1620477,,,,,,,,,,,,,,
316,0.7193398,-0.69465837,0.0842,0.8035398,-0.519604461,327.1114999,,,,,,,,,,,,,,
65,0.422618262,0.906307787,0.0763,0.498918262,0.793699044,57.84658102,,,,,,,,,,,,,,
199,-0.945518576,-0.325568154,0.0521,-0.893418576,-0.290121922,197.9902908,,,,,,,,,,,,,,
338,0.927183855,-0.374606593,0.0541,0.981283855,-0.361401711,339.7815116,,,,,,,,,,,,,,
249,-0.35836795,-0.933580426,0.098,-0.26036795,-0.77697231,251.473699,,,,,,,,,,,,,,
24,0.913545458,0.406736643,0.0725,0.986045458,0.374960343,20.82014709,,,,,,,,,,,,,,
2,0.999390827,0.034899497,0.0624,0.999390827,0.031723643,1.818128258,,,,,,,,,,,,,,
151,-0.874619707,0.48480962,0.0901,-0.784519707,0.389362726,153.6044673,,,,,,,,,,,,,,
297,0.4539905,-0.891006524,0.0943,0.5482905,-0.757466921,305.8988035,,,,,,,,,,,,,,
80,0.173648178,0.984807753,0.0752,0.248848178,0.761133292,71.89513933,,,,,,,,,,,,,,
262,-0.139173101,-0.990268069,0.0803,-0.058873101,-0.905105015,266.2784042,,,,,,,,,,,,,,
221,-0.75470958,-0.656059029,0.0538,-0.70090958,-0.615957421,221.3089174,,,,,,,,,,,,,,
14,0.970295726,0.241921896,0.089,0.970295726,0.182106707,10.62970948,,,,,,,,,,,,,,
212,-0.848048096,-0.529919264,0.0582,-0.789848096,-0.48288893,211.4403378,,,,,,,,,,,,,,
149,-0.857167301,0.515038075,0.0606,-0.796567301,0.458061988,150.0991635,,,,,,,,,,,,,,
206,-0.898794046,-0.438371147,0.0551,-0.843694046,-0.418534852,206.3848235,,,,,,,,,,,,,,
338,0.927183855,-0.374606593,0.0857,0.927183855,-0.265268294,344.0341176,,,,,,,,,,,,,,
229,-0.656059029,-0.75470958,0.068,-0.588059029,-0.741407824,231.5797659,,,,,,,,,,,,,,
129,-0.629320391,0.777145961,0.0595,-0.569820391,0.564596541,135.2638381,,,,,,,,,,,,,,
150,-0.866025404,0.5,0.0541,-0.811925404,0.47625,149.6054498,,,,,,,,,,,,,,
302,0.529919264,-0.848048096,0.0875,0.617419264,-0.747978421,309.537991,,,,,,,,,,,,,,
77,0.224951054,0.974370065,0.0717,0.296651054,0.69947591,67.01796863,,,,,,,,,,,,,,
153,-0.891006524,0.4539905,0.0946,-0.796406524,0.40569726,153.0052624,,,,,,,,,,,,,,
248,-0.374606593,-0.927183855,0.0588,-0.315806593,-0.863092271,249.9023609,,,,,,,,,,,,,,
320,0.766044443,-0.64278761,0.0888,0.854844443,-0.513506952,329.0066688,,,,,,,,,,,,,,
356,0.99756405,-0.069756474,0.0817,0.99756405,-0.066399443,356.1919194,,,,,,,,,,,,,,
304,0.559192903,-0.829037573,0.0909,0.650092903,-0.755356858,310.7167158,,,,,,,,,,,,,,
160,-0.939692621,0.342020143,0.0565,-0.883192621,0.24484367,164.5052604,,,,,,,,,,,,,,
222,-0.743144825,-0.669130606,0.0604,-0.682744825,-0.478679308,215.034686,,,,,,,,,,,,,,
118,-0.469471563,0.882947593,0.0913,-0.378171563,0.860984271,113.7126025,,,,,,,,,,,,,,
77,0.224951054,0.974370065,0.0916,0.316551054,0.948062073,71.53620894,,,,,,,,,,,,,,
117,-0.4539905,0.891006524,0.0502,-0.4037905,0.837100629,115.7511709,,,,,,,,,,,,,,
277,0.121869343,-0.992546152,0.058,0.179869343,-0.836716406,282.1322646,,,,,,,,,,,,,,
357,0.998629535,-0.052335956,0.0709,0.998629535,-0.051308863,357.0587706,,,,,,,,,,,,,,
195,-0.965925826,-0.258819045,0.0752,-0.890725826,-0.218410922,193.7774107,,,,,,,,,,,,,,
219,-0.777145961,-0.629320391,0.0561,-0.721045961,-0.457751919,212.4091895,,,,,,,,,,,,,,
176,-0.99756405,0.069756474,0.0847,-0.91286405,0.054846027,176.5617302,,,,,,,,,,,,,,
348,0.978147601,-0.207911691,0.075,0.978147601,-0.188679859,349.0820219,,,,,,,,,,,,,,
81,0.156434465,0.987688341,0.0693,0.225734465,0.849658895,75.12155777,,,,,,,,,,,,,,
43,0.731353702,0.68199836,0.0934,0.824753702,0.656338172,38.51273919,,,,,,,,,,,,,,
284,0.241921896,-0.970295726,0.0627,0.304621896,-0.922629949,288.2715145,,,,,,,,,,,,,,
274,0.069756474,-0.99756405,0.077,0.146756474,-0.961277658,278.6802161,,,,,,,,,,,,,,
304,0.559192903,-0.829037573,0.0638,0.622992903,-0.717013871,310.9864453,,,,,,,,,,,,,,
302,0.529919264,-0.848048096,0.0822,0.612119264,-0.632219856,314.0745458,,,,,,,,,,,,,,
100,-0.173648178,0.984807753,0.0991,-0.074548178,0.972743858,94.3824108,,,,,,,,,,,,,,
188,-0.990268069,-0.139173101,0.0833,-0.906968069,-0.115618054,187.2647419,,,,,,,,,,,,,,
242,-0.469471563,-0.882947593,0.094,-0.375471563,-0.719050446,242.4274745,,,,,,,,,,,,,,
338,0.927183855,-0.374606593,0.0652,0.992383855,-0.262692874,345.1733566,,,,,,,,,,,,,,
81,0.156434465,0.987688341,0.0844,0.240834465,0.925834358,75.41897104,,,,,,,,,,,,,,
299,0.48480962,-0.874619707,0.0528,0.53760962,-0.679142203,308.3651711,,,,,,,,,,,,,,
245,-0.422618262,-0.906307787,0.0629,-0.359718262,-0.69457163,242.6203861,,,,,,,,,,,,,,
177,-0.998629535,0.052335956,0.0676,-0.931029535,0.042032315,177.4150765,,,,,,,,,,,,,,
35,0.819152044,0.573576436,0.0707,0.889852044,0.51141509,29.88681102,,,,,,,,,,,,,,
346,0.970295726,-0.241921896,0.0605,0.970295726,-0.239774839,346.119425,,,,,,,,,,,,,,
174,-0.994521895,0.104528463,0.0702,-0.924321895,0.096375243,174.0475131,,,,,,,,,,,,,,
53,0.601815023,0.79863551,0.068,0.669815023,0.765292478,48.80626914,,,,,,,,,,,,,,
234,-0.587785252,-0.809016994,0.0586,-0.529185252,-0.640235824,230.4246551,,,,,,,,,,,,,,
305,0.573576436,-0.819152044,0.0798,0.653376436,-0.587127228,318.0569821,,,,,,,,,,,,,,
50,0.64278761,0.766044443,0.0853,0.72808761,0.574533332,38.27694191,,,,,,,,,,,,,,
73,0.292371705,0.956304756,0.0799,0.372271705,0.753089995,63.69563156,,,,,,,,,,,,,,
0,1,0,0.0596,1,0,0,,,,,,,,,,,,,,
240,-0.5,-0.866025404,0.096,-0.404,-0.646596217,238.0024319,,,,,,,,,,,,,,
309,0.629320391,-0.777145961,0.0617,0.691020391,-0.748585847,312.7101367,,,,,,,,,,,,,,
328,0.848048096,-0.529919264,0.0638,0.911848096,-0.476066219,332.4314161,,,,,,,,,,,,,,
27,0.891006524,0.4539905,0.0596,0.950606524,0.320687539,18.64184606,,,,,,,,,,,,,,
352,0.990268069,-0.139173101,0.0918,0.990268069,-0.129483174,352.5505143,,,,,,,,,,,,,,
221,-0.75470958,-0.656059029,0.0828,-0.67190958,-0.637525361,223.495826,,,,,,,,,,,,,,
339,0.933580426,-0.35836795,0.0539,0.987480426,-0.347213747,340.6275187,,,,,,,,,,,,,,
46,0.69465837,0.7193398,0.0517,0.74635837,0.60289667,38.93073776,,,,,,,,,,,,,,
223,-0.731353702,-0.68199836,0.0923,-0.639053702,-0.495386559,217.782402,,,,,,,,,,,,,,
230,-0.64278761,-0.766044443,0.0626,-0.58018761,-0.559212443,223.9453636,,,,,,,,,,,,,,
125,-0.573576436,0.819152044,0.0978,-0.475776436,0.644058295,126.4538907,,,,,,,,,,,,,,
243,-0.4539905,-0.891006524,0.0755,-0.3784905,-0.769941013,243.8220179,,,,,,,,,,,,,,
169,-0.981627183,0.190808995,0.0736,-0.908027183,0.141389466,171.1495116,,,,,,,,,,,,,,
52,0.615661475,0.788010754,0.0517,0.667361475,0.741715122,48.02056163,,,,,,,,,,,,,,
74,0.275637356,0.961261696,0.052,0.327637356,0.829328528,68.44283741,,,,,,,,,,,,,,
37,0.79863551,0.601815023,0.0923,0.89093551,0.485739951,28.59931298,,,,,,,,,,,,,,
191,-0.981627183,-0.190808995,0.0883,-0.893327183,-0.143750727,189.1414481,,,,,,,,,,,,,,
183,-0.998629535,-0.052335956,0.0909,-0.907729535,-0.043334172,182.7331727,,,,,,,,,,,,,,
26,0.898794046,0.438371147,0.0735,0.972294046,0.436124495,24.1587175,,,,,,,,,,,,,,
136,-0.7193398,0.69465837,0.0763,-0.6430398,0.684238495,133.2221109,,,,,,,,,,,,,,
124,-0.559192903,0.829037573,0.0791,-0.480092903,0.745408407,122.7842457,,,,,,,,,,,,,,
87,0.052335956,0.998629535,0.0842,0.136535956,0.938212448,81.71999923,,,,,,,,,,,,,,
205,-0.906307787,-0.422618262,0.0711,-0.835207787,-0.339309637,202.1098295,,,,,,,,,,,,,,
334,0.898794046,-0.438371147,0.0613,0.960094046,-0.410589375,336.845766,,,,,,,,,,,,,,
342,0.951056516,-0.309016994,0.0834,0.951056516,-0.277613142,343.7274893,,,,,,,,,,,,,,
25,0.906307787,0.422618262,0.0579,0.964207787,0.296202574,17.07684604,,,,,,,,,,,,,,
60,0.5,0.866025404,0.0974,0.5974,0.833982464,54.38514113,,,,,,,,,,,,,,
108,-0.309016994,0.951056516,0.0596,-0.249416994,0.87354541,105.9352438,,,,,,,,,,,,,,
113,-0.390731128,0.920504853,0.0641,-0.326631128,0.737094261,113.8997344,,,,,,,,,,,,,,
207,-0.891006524,-0.4539905,0.0554,-0.835606524,-0.323070989,201.1380234,,,,,,,,,,,,,,
157,-0.920504853,0.390731128,0.0615,-0.859004853,0.384625955,155.8791882,,,,,,,,,,,,,,
96,-0.104528463,0.994521895,0.0593,-0.045228463,0.713445145,93.62738038,,,,,,,,,,,,,,
172,-0.990268069,0.139173101,0.0586,-0.931668069,0.135693773,171.7133624,,,,,,,,,,,,,,
21,0.933580426,0.35836795,0.087,0.933580426,0.333685357,19.66817999,,,,,,,,,,,,,,
294,0.406736643,-0.913545458,0.0983,0.505036643,-0.784735548,302.7643436,,,,,,,,,,,,,,
150,-0.866025404,0.5,0.0653,-0.800725404,0.4323125,151.6353426,,,,,,,,,,,,,,
10,0.984807753,0.173648178,0.0858,0.984807753,0.172714819,9.947326393,,,,,,,,,,,,,,
73,0.292371705,0.956304756,0.0735,0.365871705,0.807599366,65.62775524,,,,,,,,,,,,,,
241,-0.48480962,-0.874619707,0.0792,-0.40560962,-0.70035173,239.9226664,,,,,,,,,,,,,,
107,-0.292371705,0.956304756,0.0596,-0.232771705,0.709697667,108.158825,,,,,,,,,,,,,,
91,-0.017452406,0.999847695,0.0574,0.039947594,0.729013951,86.8635144,,,,,,,,,,,,,,
196,-0.961261696,-0.275637356,0.057,-0.904261696,-0.228882369,194.2041078,,,,,,,,,,,,,,
84,0.104528463,0.994521895,0.0569,0.161428463,0.745394161,77.78028149,,,,,,,,,,,,,,
191,-0.981627183,-0.190808995,0.0657,-0.915927183,-0.133947915,188.3201255,,,,,,,,,,,,,,
154,-0.898794046,0.438371147,0.0551,-0.843694046,0.367135835,156.4835979,,,,,,,,,,,,,,
275,0.087155743,-0.996194698,0.0998,0.186955743,-0.70169464,284.9190037,,,,,,,,,,,,,,
278,0.139173101,-0.990268069,0.064,0.203173101,-0.886413705,282.909658,,,,,,,,,,,,,,
270,-1.83772E-16,-1,0.0612,0.0612,-0.96,273.6476698,,,,,,,,,,,,,,
232,-0.615661475,-0.788010754,0.083,-0.532661475,-0.779539638,235.6551023,,,,,,,,,,,,,,
360,1,-2.4503E-16,0.0556,1,-2.06162E-16,0,,,,,,,,,,,,,,
164,-0.961261696,0.275637356,0.0806,-0.880661696,0.220682158,165.9321198,,,,,,,,,,,,,,
12,0.978147601,0.207911691,0.0955,0.978147601,0.177634551,10.29291222,,,,,,,,,,,,,,
12,0.978147601,0.207911691,0.0756,0.978147601,0.181091083,10.48879471,,,,,,,,,,,,,,
74,0.275637356,0.961261696,0.0985,0.374137356,0.888205807,67.15780061,,,,,,,,,,,,,,
210,-0.866025404,-0.5,0.0671,-0.798925404,-0.41775,207.6046122,,,,,,,,,,,,,,
97,-0.121869343,0.992546152,0.086,-0.035869343,0.746642843,92.7504223,,,,,,,,,,,,,,
166,-0.970295726,0.241921896,0.0604,-0.909895726,0.228192828,165.9211587,,,,,,,,,,,,,,
16,0.961261696,0.275637356,0.0505,0.961261696,0.223197349,13.07199371,,,,,,,,,,,,,,
78,0.207911691,0.978147601,0.0928,0.300711691,0.873608076,71.005611,,,,,,,,,,,,,,
66,0.406736643,0.913545458,0.0703,0.477036643,0.629090241,52.82710153,,,,,,,,,,,,,,
188,-0.990268069,-0.139173101,0.0963,-0.893968069,-0.118679862,187.5621549,,,,,,,,,,,,,,
92,-0.034899497,0.999390827,0.0918,0.056900503,0.726931903,85.52430597,,,,,,,,,,,,,,
237,-0.544639035,-0.838670568,0.091,-0.453639035,-0.650074524,235.0916555,,,,,,,,,,,,,,
59,0.515038075,0.857167301,0.0835,0.598538075,0.6081602,45.45686273,,,,,,,,,,,,,,
128,-0.615661475,0.788010754,0.0891,-0.526561475,0.618686943,130.400946,,,,,,,,,,,,,,
190,-0.984807753,-0.173648178,0.0525,-0.932307753,-0.166463484,190.123478,,,,,,,,,,,,,,
82,0.139173101,0.990268069,0.0932,0.232373101,0.796423094,73.73429034,,,,,,,,,,,,,,
83,0.121869343,0.992546152,0.0697,0.191569343,0.81202682,76.72577458,,,,,,,,,,,,,,
253,-0.292371705,-0.956304756,0.0878,-0.204571705,-0.932636213,257.6282293,,,,,,,,,,,,,,
181,-0.999847695,-0.017452406,0.0583,-0.941547695,-0.015565365,180.9471092,,,,,,,,,,,,,,
286,0.275637356,-0.961261696,0.0732,0.348837356,-0.799769731,293.5654935,,,,,,,,,,,,,,
333,0.891006524,-0.4539905,0.0713,0.962306524,-0.351785888,339.9193407,,,,,,,,,,,,,,
124,-0.559192903,0.829037573,0.0916,-0.467592903,0.623436255,126.8708218,,,,,,,,,,,,,,
56,0.559192903,0.829037573,0.085,0.644192903,0.736496254,48.82470927,,,,,,,,,,,,,,
226,-0.69465837,-0.7193398,0.0744,-0.62025837,-0.522330613,220.1013277,,,,,,,,,,,,,,
185,-0.996194698,-0.087155743,0.0853,-0.910894698,-0.061684477,183.874073,,,,,,,,,,,,,,
284,0.241921896,-0.970295726,0.0927,0.334621896,-0.802191992,292.6426972,,,,,,,,,,,,,,
10,0.984807753,0.173648178,0.0833,0.984807753,0.167917788,9.67634225,,,,,,,,,,,,,,
198,-0.951056516,-0.309016994,0.0564,-0.894656516,-0.231067458,194.4816031,,,,,,,,,,,,,,
53,0.601815023,0.79863551,0.061,0.662815023,0.657077366,44.75093312,,,,,,,,,,,,,,
67,0.390731128,0.920504853,0.0665,0.457231128,0.847094591,61.64142569,,,,,,,,,,,,,,
318,0.743144825,-0.669130606,0.0863,0.829444825,-0.571270255,325.4433347,,,,,,,,,,,,,,
216,-0.809016994,-0.587785252,0.0606,-0.748416994,-0.541864529,215.9050721,,,,,,,,,,,,,,
186,-0.994521895,-0.104528463,0.0702,-0.924321895,-0.088391882,185.4625211,,,,,,,,,,,,,,
311,0.656059029,-0.75470958,0.0877,0.743759029,-0.604428035,320.9003958,,,,,,,,,,,,,,
